File Name,File Count,Non-Replace,Replace
AUC_EM_B406977_L501_G1_Lit_Credit_Card__20.07.2023.txtt,473
AUC_EM_B406977_L501_G2_Lit_Credit_Card__20.07.2023.txtt,62
AUC_EM_B457036_L401_G1_Zenith__20.07.2023.txtt,70
AUC_EM_B457036_L401_G2_Zenith__20.07.2023.txtt,7
AUC_EM_B465523_L301_G1_Vetta__20.07.2023.txtt,210
AUC_EM_B465523_L301_G2_Vetta__20.07.2023.txtt,23
AUC_EM_B466505_L101_G1_Altura_C_Female_20.07.2023.txtt,2
AUC_EM_B466505_L101_G1_Altura_C_Male_20.07.2023.txtt,12
AUC_EM_B466505_L101_G1_Altura__20.07.2023.txtt,18
AUC_EM_B466505_L101_G2_Altura_C_Female_20.07.2023.txtt,2
AUC_EM_B466505_L101_G2_Altura_C_Male_20.07.2023.txtt,1
AUC_EM_B466505_L101_G2_Altura__20.07.2023.txtt,2
AUC_EM_B483976_L602_G1_Corporate_Credit_Card__20.07.2023.txtt,1
AUC_EM_B483976_L603_G1_Secured_Corporate_Credit_Card__20.07.2023.txtt,2
AUC_EM_B653023_L911_G1_Business_Rupay_Credit_Card__20.07.2023.txtt,14
AUC_EM_B653023_L911_G2_Business_Rupay_Credit_Card__20.07.2023.txtt,3
AUC_PP_B457036_L401_G1_Zenith_EM20.07.2023.txtt,68
AUC_PP_B457036_L401_G2_Zenith_EM20.07.2023.txtt,7
AUC_PP_B465523_L301_G1_Vetta_EM20.07.2023.txtt,203
AUC_PP_B465523_L301_G2_Vetta_EM20.07.2023.txtt,21
