File Name,File Count,Non-Replace,Replace
AUC_EM_B406977_L501_G1_Lit_Credit_Card__21.07.2023.txtt,722
AUC_EM_B406977_L501_G2_Lit_Credit_Card__21.07.2023.txtt,62
AUC_EM_B457036_L401_G1_Zenith__21.07.2023.txtt,40
AUC_EM_B457036_L401_G2_Zenith__21.07.2023.txtt,2
AUC_EM_B465523_L301_G1_Vetta__21.07.2023.txtt,231
AUC_EM_B465523_L301_G2_Vetta__21.07.2023.txtt,26
AUC_EM_B466505_L101_G1_Altura_C_Female_21.07.2023.txtt,7
AUC_EM_B466505_L101_G1_Altura_C_Male_21.07.2023.txtt,31
AUC_EM_B466505_L101_G1_Altura__21.07.2023.txtt,25
AUC_EM_B466505_L101_G2_Altura_C_Female_21.07.2023.txtt,3
AUC_EM_B466505_L101_G2_Altura_C_Male_21.07.2023.txtt,3
AUC_EM_B466505_L101_G2_Altura__21.07.2023.txtt,2
AUC_EM_B483976_L602_G1_Corporate_Credit_Card__21.07.2023.txtt,3
AUC_EM_B653023_L911_G1_Business_Rupay_Credit_Card__21.07.2023.txtt,27
AUC_EM_B653023_L911_G2_Business_Rupay_Credit_Card__21.07.2023.txtt,5
AUC_PP_B457036_L401_G1_Zenith_EM21.07.2023.txtt,38
AUC_PP_B457036_L401_G2_Zenith_EM21.07.2023.txtt,2
AUC_PP_B465523_L301_G1_Vetta_EM21.07.2023.txtt,220
AUC_PP_B465523_L301_G2_Vetta_EM21.07.2023.txtt,25
